threads,avg_time_ms,batch_size,dim,seqlen,width
64,0.053129330165684226,4,2304,2048,2
128,0.04990152999758721,4,2304,2048,2
256,0.050387939773499965,4,2304,2048,2
512,0.05010814994573593,4,2304,2048,2
1024,0.04379307985305786,4,2304,2048,2
