threads,avg_time_ms,batch_size,dim,seqlen,width
64,0.04446890002861619,2,2304,2048,2
128,0.04308819302543998,2,2304,2048,2
256,0.043351270001381635,2,2304,2048,2
512,0.043442631959915164,2,2304,2048,2
1024,0.036358482126146556,2,2304,2048,2
